date,symbol,opened,closed,entry,exit,qty,pnl,reason,mode
2026-10-08,SPY,13:33:02,13:43:11,771.598,772.524,0.025907,0.024,time,paper
2026-10-08,QQQ,13:33:03,13:43:12,745.306,746.264,0.026821,0.0257,time,paper
2026-10-08,SQQQ,14:02:11,14:03:38,33.678,33.622,0.593563,-0.0332,stop,paper
2026-10-08,TQQQ,14:04:10,14:04:52,79.678,79.532,0.250885,-0.0366,stop,paper
2026-10-08,SPY,14:03:05,14:08:13,771.964,772.044,0.025895,0.0021,time,paper
2026-10-08,QQQ,14:03:06,14:08:14,745.664,745.892,0.026808,0.0061,time,paper
2026-10-08,SQQQ,14:32:10,14:35:34,33.398,33.452,0.598539,0.0323,take profit,paper
2026-10-08,SQQQ,14:52:11,14:57:17,33.508,33.512,0.596574,0.0024,time,paper
2026-10-08,SQQQ,14:57:17,15:02:23,33.518,33.492,0.596396,-0.0155,time,paper
2026-10-08,SQQQ,15:31:06,15:36:10,33.548,33.522,0.595863,-0.0155,time,paper
2026-10-08,QQQ,15:38:01,15:43:04,746.628,746.672,0.026774,0.0012,time,paper
2026-10-08,SPY,15:39:06,15:44:07,773.258,773.392,0.025852,0.0035,time,paper
2026-10-08,TQQQ,15:39:06,15:44:07,79.888,79.862,0.250225,-0.0065,time,paper
2026-10-08,SQQQ,15:41:01,15:46:06,33.528,33.512,0.596218,-0.0095,time,paper
2026-10-08,TQQQ,15:50:10,15:52:39,80.038,79.912,0.249756,-0.0315,stop,paper
2026-10-08,QQQ,15:50:10,15:55:10,747.016,746.854,0.02676,-0.0043,end of session,paper
2026-10-09,SPY,09:53:08,09:58:09,775.996,775.826,0.02576,-0.0044,time,paper
2026-10-09,TQQQ,09:59:02,10:01:56,80.708,80.542,0.247683,-0.0411,stop,paper
2026-10-09,QQQ,09:59:01,10:04:09,749.454,748.844,0.026673,-0.0163,time,paper
2026-10-09,SPY,10:00:04,10:05:11,775.984,775.576,0.025761,-0.0105,time,paper
2026-10-09,TQQQ,10:07:08,10:08:09,80.718,80.832,0.247652,0.0282,take profit,paper
2026-10-09,SPY,10:07:08,10:12:15,775.908,776.084,0.025763,0.0045,time,paper
2026-10-09,QQQ,10:07:08,10:12:15,749.474,748.954,0.026672,-0.0139,time,paper
2026-10-09,QQQ,10:19:05,10:24:13,749.514,749.714,0.026671,0.0053,time,paper
2026-10-09,TQQQ,10:19:05,10:24:13,80.728,80.792,0.247622,0.0158,time,paper
2026-10-09,SPY,10:31:02,10:36:04,776.608,776.352,0.02574,-0.0066,time,paper
2026-10-09,SPY,10:39:05,10:44:12,776.426,776.242,0.025746,-0.0047,time,paper
2026-10-09,QQQ,10:39:05,10:44:12,750.144,749.444,0.026648,-0.0187,time,paper
2026-10-09,TQQQ,10:47:02,10:47:23,80.808,80.662,0.247376,-0.0361,stop,paper
2026-10-09,TQQQ,10:50:07,10:50:38,80.758,80.912,0.24753,0.0381,take profit,paper
2026-10-09,SPY,10:46:10,10:51:19,776.488,776.954,0.025744,0.012,time,paper
2026-10-09,QQQ,10:47:02,10:52:11,749.724,750.264,0.026663,0.0144,time,paper
2026-10-09,TQQQ,11:05:03,11:05:54,81.138,81.012,0.24637,-0.031,stop,paper
2026-10-09,QQQ,11:03:08,11:08:10,750.636,749.546,0.026631,-0.029,time,paper
2026-10-09,SPY,11:13:06,11:18:06,777.158,777.554,0.025722,0.0102,time,paper
2026-10-09,QQQ,11:17:04,11:22:13,749.786,750.176,0.026661,0.0104,time,paper
2026-10-09,TQQQ,11:18:07,11:23:16,80.94,80.822,0.246973,-0.0291,time,paper
2026-10-09,TQQQ,11:25:02,11:29:07,80.978,80.832,0.246857,-0.036,stop,paper
2026-10-09,QQQ,11:25:02,11:30:10,750.284,749.456,0.026643,-0.0221,time,paper
2026-10-09,QQQ,11:38:08,11:43:15,749.704,750.076,0.026664,0.0099,time,paper
2026-10-09,TQQQ,11:39:01,11:44:07,80.908,80.892,0.247071,-0.004,time,paper
2026-10-09,SPY,11:40:03,11:45:09,777.178,777.112,0.025721,-0.0017,time,paper
2026-10-09,QQQ,11:48:09,11:53:18,750.088,750.602,0.02665,0.0137,time,paper
2026-10-09,SPY,11:49:01,11:54:10,777.196,777.434,0.025721,0.0061,time,paper
2026-10-09,SPY,12:06:04,12:11:09,777.528,777.454,0.02571,-0.0019,time,paper
2026-10-09,QQQ,12:06:05,12:11:09,750.646,750.564,0.02663,-0.0022,time,paper
2026-10-09,TQQQ,12:06:05,12:11:09,81.098,81.072,0.246492,-0.0064,time,paper
2026-10-09,SPY,12:28:06,12:33:11,777.948,778.074,0.025696,0.0032,time,paper
2026-10-09,QQQ,12:29:08,12:34:14,750.694,750.964,0.026629,0.0072,time,paper
2026-10-09,TQQQ,12:29:09,12:34:14,81.118,81.202,0.246431,0.0207,time,paper
2026-10-09,SPY,12:38:06,12:43:09,778.086,777.862,0.025691,-0.0058,time,paper
2026-10-09,SPY,12:45:06,12:50:15,778.068,778.272,0.025692,0.0052,time,paper
2026-10-09,TQQQ,12:47:02,12:51:17,81.148,81.272,0.24634,0.0305,take profit,paper
2026-10-09,QQQ,12:47:02,12:52:09,750.796,751.352,0.026625,0.0148,time,paper
2026-10-09,SPY,13:03:10,13:08:12,778.406,778.184,0.025681,-0.0057,time,paper
2026-10-09,QQQ,13:22:05,13:27:12,750.618,750.494,0.026631,-0.0033,time,paper
2026-10-09,TQQQ,13:22:05,13:27:13,81.098,81.062,0.246492,-0.0089,time,paper
2026-10-09,SPY,13:28:06,13:33:14,778.018,777.876,0.025693,-0.0036,time,paper
2026-10-09,QQQ,13:28:06,13:33:14,750.766,750.346,0.026626,-0.0112,time,paper
2026-10-09,SPY,13:37:07,13:42:16,777.996,778.194,0.025694,0.0051,time,paper
2026-10-09,TQQQ,13:38:10,13:43:17,81.088,81.112,0.246522,0.0059,time,paper
2026-10-09,QQQ,13:42:05,13:47:15,750.668,750.754,0.02663,0.0023,time,paper
2026-10-09,TQQQ,13:47:05,13:52:14,81.138,81.152,0.24637,0.0034,time,paper
2026-10-09,QQQ,13:47:16,13:52:24,750.768,750.752,0.026626,-0.0004,time,paper
2026-10-09,SPY,13:54:10,13:59:11,778.238,778.372,0.025686,0.0034,time,paper
2026-10-09,SPY,14:08:01,14:13:05,778.348,778.512,0.025683,0.0042,time,paper
2026-10-09,QQQ,14:08:01,14:13:05,750.938,751.116,0.02662,0.0047,time,paper
2026-10-09,TQQQ,14:08:02,14:13:06,81.208,81.252,0.246158,0.0108,time,paper
2026-10-09,QQQ,14:21:01,14:26:02,751.226,751.454,0.02661,0.0061,time,paper
2026-10-09,SPY,14:42:01,14:47:11,778.616,778.674,0.025674,0.0015,time,paper
2026-10-09,TQQQ,14:47:01,14:50:54,81.348,81.482,0.245734,0.0329,take profit,paper
2026-10-09,SPY,14:47:11,14:52:16,778.686,778.994,0.025671,0.0079,time,paper
2026-10-09,QQQ,14:47:11,14:52:17,751.446,751.552,0.026602,0.0028,time,paper
2026-10-09,SPY,15:00:00,15:05:06,778.946,778.904,0.025663,-0.0011,time,paper
2026-10-09,QQQ,15:12:10,15:15:06,751.376,751.446,0.026605,0.0019,end of session,paper
2026-10-09,TQQQ,15:12:11,15:15:06,81.328,81.352,0.245795,0.0059,end of session,paper
